username,count,date
aashah,0,2021-01-01
aashah,0,2021-01-02
aashah,0,2021-01-03
aashah,0,2021-01-04
aashah,7,2021-01-05
aashah,11,2021-01-06
aashah,5,2021-01-07
aashah,8,2021-01-08
aashah,0,2021-01-09
aashah,0,2021-01-10
aashah,3,2021-01-11
aashah,5,2021-01-12
aashah,12,2021-01-13
aashah,21,2021-01-14
aashah,20,2021-01-15
aashah,0,2021-01-16
aashah,0,2021-01-17
aashah,0,2021-01-18
aashah,5,2021-01-19
aashah,6,2021-01-20
aashah,24,2021-01-21
aashah,0,2021-01-22
aashah,0,2021-01-23
aashah,0,2021-01-24
aashah,0,2021-01-25
aashah,0,2021-01-26
aashah,4,2021-01-27
aashah,13,2021-01-28
aashah,1,2021-01-29
aashah,0,2021-01-30
aashah,0,2021-01-31
aashah,4,2021-02-01
aashah,9,2021-02-02
aashah,2,2021-02-03
aashah,3,2021-02-04
aashah,11,2021-02-05
aashah,2,2021-02-06
aashah,0,2021-02-07
aashah,6,2021-02-08
aashah,11,2021-02-09
aashah,19,2021-02-10
aashah,5,2021-02-11
aashah,1,2021-02-12
aashah,1,2021-02-13
aashah,0,2021-02-14
aashah,0,2021-02-15
aashah,10,2021-02-16
aashah,1,2021-02-17
aashah,1,2021-02-18
aashah,1,2021-02-19
aashah,1,2021-02-20
aashah,0,2021-02-21
aashah,10,2021-02-22
aashah,0,2021-02-23
aashah,13,2021-02-24
aashah,30,2021-02-25
aashah,23,2021-02-26
aashah,0,2021-02-27
aashah,0,2021-02-28
aashah,36,2021-03-01
aashah,18,2021-03-02
aashah,11,2021-03-03
aashah,27,2021-03-04
aashah,20,2021-03-05
aashah,2,2021-03-06
aashah,0,2021-03-07
aashah,9,2021-03-08
aashah,7,2021-03-09
aashah,10,2021-03-10
aashah,27,2021-03-11
aashah,12,2021-03-12
aashah,1,2021-03-13
aashah,0,2021-03-14
aashah,8,2021-03-15
aashah,6,2021-03-16
aashah,18,2021-03-17
aashah,6,2021-03-18
aashah,0,2021-03-19
aashah,0,2021-03-20
aashah,0,2021-03-21
aashah,1,2021-03-22
aashah,7,2021-03-23
aashah,14,2021-03-24
aashah,17,2021-03-25
aashah,23,2021-03-26
aashah,0,2021-03-27
aashah,0,2021-03-28
aashah,24,2021-03-29
aashah,27,2021-03-30
aashah,31,2021-03-31
aashah,3,2021-04-01
aashah,20,2021-04-02
aashah,0,2021-04-03
aashah,0,2021-04-04
aashah,12,2021-04-05
aashah,20,2021-04-06
aashah,11,2021-04-07
aashah,12,2021-04-08
aashah,10,2021-04-09
aashah,0,2021-04-10
aashah,0,2021-04-11
aashah,6,2021-04-12
aashah,1,2021-04-13
aashah,0,2021-04-14
aashah,15,2021-04-15
aashah,2,2021-04-16
aashah,0,2021-04-17
aashah,0,2021-04-18
aashah,15,2021-04-19
aashah,9,2021-04-20
aashah,16,2021-04-21
aashah,13,2021-04-22
aashah,16,2021-04-23
aashah,0,2021-04-24
aashah,0,2021-04-25
aashah,5,2021-04-26
aashah,16,2021-04-27
aashah,26,2021-04-28
aashah,8,2021-04-29
aashah,2,2021-04-30
aashah,0,2021-05-01
aashah,0,2021-05-02
aashah,0,2021-05-03
aashah,0,2021-05-04
aashah,8,2021-05-05
aashah,33,2021-05-06
aashah,12,2021-05-07
aashah,3,2021-05-08
aashah,0,2021-05-09
aashah,10,2021-05-10
aashah,29,2021-05-11
aashah,4,2021-05-12
aashah,2,2021-05-13
aashah,1,2021-05-14
aashah,1,2021-05-15
aashah,0,2021-05-16
aashah,30,2021-05-17
aashah,16,2021-05-18
aashah,9,2021-05-19
aashah,11,2021-05-20
aashah,0,2021-05-21
aashah,0,2021-05-22
aashah,0,2021-05-23
aashah,0,2021-05-24
aashah,6,2021-05-25
aashah,7,2021-05-26
aashah,6,2021-05-27
aashah,1,2021-05-28
aashah,5,2021-05-29
aashah,0,2021-05-30
aashah,0,2021-05-31
aashah,23,2021-06-01
aashah,14,2021-06-02
aashah,14,2021-06-03
aashah,11,2021-06-04
aashah,0,2021-06-05
aashah,0,2021-06-06
aashah,13,2021-06-07
aashah,12,2021-06-08
aashah,12,2021-06-09
aashah,11,2021-06-10
aashah,13,2021-06-11
aashah,0,2021-06-12
aashah,0,2021-06-13
aashah,10,2021-06-14
aashah,12,2021-06-15
aashah,18,2021-06-16
aashah,2,2021-06-17
aashah,22,2021-06-18
aashah,0,2021-06-19
aashah,0,2021-06-20
aashah,12,2021-06-21
aashah,18,2021-06-22
aashah,18,2021-06-23
aashah,15,2021-06-24
aashah,21,2021-06-25
aashah,1,2021-06-26
aashah,0,2021-06-27
aashah,10,2021-06-28
aashah,4,2021-06-29
aashah,0,2021-06-30
aashah,0,2021-07-01
aashah,7,2021-07-02
aashah,0,2021-07-03
aashah,0,2021-07-04
aashah,0,2021-07-05
aashah,0,2021-07-06
aashah,0,2021-07-07
aashah,0,2021-07-08
aashah,0,2021-07-09
aashah,0,2021-07-10
aashah,0,2021-07-11
aashah,2,2021-07-12
aashah,2,2021-07-13
aashah,14,2021-07-14
aashah,4,2021-07-15
aashah,2,2021-07-16
aashah,1,2021-07-17
aashah,0,2021-07-18
aashah,1,2021-07-19
aashah,1,2021-07-20
aashah,6,2021-07-21
aashah,19,2021-07-22
aashah,0,2021-07-23
aashah,0,2021-07-24
aashah,0,2021-07-25
aashah,0,2021-07-26
aashah,0,2021-07-27
aashah,0,2021-07-28
aashah,0,2021-07-29
aashah,0,2021-07-30
aashah,0,2021-07-31
aashah,0,2021-08-01
aashah,0,2021-08-02
aashah,2,2021-08-03
aashah,9,2021-08-04
aashah,12,2021-08-05
aashah,0,2021-08-06
aashah,0,2021-08-07
aashah,0,2021-08-08
aashah,8,2021-08-09
aashah,8,2021-08-10
aashah,12,2021-08-11
aashah,11,2021-08-12
aashah,0,2021-08-13
aashah,0,2021-08-14
aashah,0,2021-08-15
aashah,7,2021-08-16
aashah,12,2021-08-17
aashah,28,2021-08-18
aashah,26,2021-08-19
aashah,3,2021-08-20
aashah,0,2021-08-21
aashah,0,2021-08-22
aashah,13,2021-08-23
aashah,10,2021-08-24
aashah,7,2021-08-25
aashah,6,2021-08-26
aashah,2,2021-08-27
aashah,0,2021-08-28
aashah,0,2021-08-29
aashah,0,2021-08-30
aashah,8,2021-08-31
aashah,3,2021-09-01
aashah,5,2021-09-02
aashah,5,2021-09-03
aashah,0,2021-09-04
aashah,0,2021-09-05
aashah,0,2021-09-06
aashah,8,2021-09-07
aashah,6,2021-09-08
aashah,13,2021-09-09
aashah,14,2021-09-10
aashah,2,2021-09-11
aashah,7,2021-09-12
aashah,12,2021-09-13
aashah,3,2021-09-14
aashah,15,2021-09-15
aashah,3,2021-09-16
aashah,0,2021-09-17
aashah,0,2021-09-18
aashah,0,2021-09-19
aashah,0,2021-09-20
aashah,0,2021-09-21
aashah,3,2021-09-22
aashah,11,2021-09-23
aashah,5,2021-09-24
aashah,1,2021-09-25
aashah,0,2021-09-26
aashah,10,2021-09-27
aashah,9,2021-09-28
aashah,2,2021-09-29
aashah,18,2021-09-30
aashah,0,2021-10-01
aashah,0,2021-10-02
aashah,0,2021-10-03
aashah,0,2021-10-04
aashah,0,2021-10-05
aashah,0,2021-10-06
aashah,0,2021-10-07
aashah,0,2021-10-08
aashah,0,2021-10-09
aashah,0,2021-10-10
aashah,1,2021-10-11
aashah,10,2021-10-12
aashah,16,2021-10-13
aashah,19,2021-10-14
aashah,9,2021-10-15
aashah,0,2021-10-16
aashah,0,2021-10-17
aashah,12,2021-10-18
aashah,25,2021-10-19
aashah,15,2021-10-20
aashah,22,2021-10-21
aashah,9,2021-10-22
aashah,0,2021-10-23
aashah,0,2021-10-24
aashah,24,2021-10-25
aashah,17,2021-10-26
aashah,11,2021-10-27
aashah,7,2021-10-28
aashah,20,2021-10-29
aashah,0,2021-10-30
aashah,0,2021-10-31
aashah,25,2021-11-01
aashah,23,2021-11-02
aashah,14,2021-11-03
aashah,18,2021-11-04
aashah,0,2021-11-05
aashah,0,2021-11-06
aashah,0,2021-11-07
aashah,6,2021-11-08
aashah,17,2021-11-09
aashah,21,2021-11-10
aashah,1,2021-11-11
aashah,14,2021-11-12
aashah,4,2021-11-13
aashah,0,2021-11-14
aashah,8,2021-11-15
aashah,11,2021-11-16
aashah,14,2021-11-17
aashah,2,2021-11-18
aashah,3,2021-11-19
aashah,0,2021-11-20
aashah,0,2021-11-21
aashah,3,2021-11-22
aashah,0,2021-11-23
aashah,0,2021-11-24
aashah,0,2021-11-25
aashah,0,2021-11-26
aashah,0,2021-11-27
aashah,0,2021-11-28
aashah,0,2021-11-29
aashah,0,2021-11-30
aashah,3,2021-12-01
aashah,11,2021-12-02
aashah,23,2021-12-03
aashah,3,2021-12-04
aashah,0,2021-12-05
aashah,0,2021-12-06
aashah,0,2021-12-07
aashah,0,2021-12-08
aashah,0,2021-12-09
aashah,0,2021-12-10
aashah,0,2021-12-11
aashah,0,2021-12-12
aashah,5,2021-12-13
aashah,1,2021-12-14
aashah,11,2021-12-15
aashah,10,2021-12-16
aashah,9,2021-12-17
aashah,1,2021-12-18
aashah,0,2021-12-19
aashah,8,2021-12-20
aashah,7,2021-12-21
aashah,5,2021-12-22
aashah,6,2021-12-23
aashah,0,2021-12-24
aashah,0,2021-12-25
aashah,0,2021-12-26
aashah,13,2021-12-27
aashah,14,2021-12-28
aashah,4,2021-12-29
aashah,11,2021-12-30
aashah,2,2021-12-31
